category,products-name,products-link
smartphones,Oukitel C18 Pro 4Gb 64Gb 4000Mah Front Camera 8Mp Back Camera,https://www.daraz.com.bd/products/oukitel-c18-pro-4gb-64gb-4000mah-8mp-16mp-af-2mp-ff-8mp-ff-120-5mp-655-hd-haa-i194840636-s1141248231.html?search=1
smartphones,Nokia 3.4 DS Smartphone 3GB RAM 64GB ROM,https://www.daraz.com.bd/products/nokia-34-ds-smartphone-3gb-ram-64gb-rom-4000-mah-battery-i206653904-s1155957724.html?search=1
smartphones,Motorola Moto G40 Fusion -6Gb / 128Gb,https://www.daraz.com.bd/products/motorola-moto-g40-fusion-6gb-128gb-i198197201-s1145022135.html?search=1
smartphones,iPhone 13 256GB,https://www.daraz.com.bd/products/iphone-13-256gb-i205182396-s1153488627.html?search=1
smartphones,OnePlus Nord CE 5G Charcoal Ink 8GB/128GB,https://www.daraz.com.bd/products/oneplus-nord-ce-5g-charcoal-ink-8gb128gb-i209327107-s1159573031.html?search=1
smartphones,Huawei Y7p - 4GB Ram/ 64GB Rom,https://www.daraz.com.bd/products/huawei-y7p-4gb-ram-64gb-rom-i209263588-s1159519840.html?search=1
smartphones,OUKITEL C21  4GB+64GB  4000mAh  Front 20MP + Back 16MP Quad Camera,https://www.daraz.com.bd/products/oukitel-c21-4gb-64gb-4000mah-20mp-16mp-i170262246-s1105192780.html?search=1
smartphones,Umidigi A5 Pro - 6.3 inches FHD - 4GB RAM - 32GB ROM - 4150 mAh Battery,https://www.daraz.com.bd/products/umidigi-a5-pro-63-inches-fhd-4gb-ram-32gb-rom-4150-mah-battery-i121714626-s1041545611.html?search=1
smartphones,Samsung Galaxy A52s 5G 8GB128GB,https://www.daraz.com.bd/products/samsung-galaxy-a52s-5g-8gb128gb-i207575823-s1157356704.html?search=1
smartphones,"Tecno SPARK 7 - (3GB , 64GB)",https://www.daraz.com.bd/products/tecno-spark-7-3gb-64gb-i209974040-s1160165519.html?search=1
smartphones,Samsung Galaxy A32 - 6GB/128GB,https://www.daraz.com.bd/products/samsung-galaxy-a32-6gb128gb-i180378749-s1121624083.html?search=1
smartphones,Motorola Moto G10 Power - 4Gb Ram64Gb Rom,https://www.daraz.com.bd/products/motorola-moto-g10-power-4gb-ram64gb-rom-i202423715-s1150023960.html?search=1
smartphones,"Motorola Moto G30 - 6GB RAM/128GB ROM - 64MP Quad Camera - 5,000 mAh Battery",https://www.daraz.com.bd/products/motorola-moto-g30-6gb-ram128gb-rom-64mp-quad-camera-5000-mah-battery-i183041155-s1127110217.html?search=1
smartphones,OPPO A16 4GB RAM and 64GB ROM Smartphone,https://www.daraz.com.bd/products/oppo-a16-4gb64gb-i202425147-s1150027254.html?search=1
smartphones,Huawei Y6p - 4GB Ram/ 64GB Rom,https://www.daraz.com.bd/products/huawei-y6p-4gb-ram-64gb-rom-i209264650-s1159514983.html?search=1
smartphones,Motorola G8 Power Lite 5000Mah Battery,https://www.daraz.com.bd/products/motorola-g8-power-lite-5000mah-battery-i154350524-s1083432792.html?search=1
smartphones,Vivo Y21 4GB/64GB - Diamond Glow,https://www.daraz.com.bd/products/vivo-y21-464-i202060923-s1149666093.html?search=1
smartphones,Nokia 3.4 4GB RAM 64GB ROM- Black,https://www.daraz.com.bd/products/nokia-34-4gb-ram-64gb-rom-black-i193347711-s1140067052.html?search=1
smartphones,Walton Primo N4 3GB RAM 32GB ROM,https://www.daraz.com.bd/products/walton-primo-n4-3gb-ram-32gb-rom-i138438015-s1061246827.html?search=1
smartphones,Tecno Camon 15 64Gb Rom / 4Gb Ram - 5000Mah Battery,https://www.daraz.com.bd/products/tecno-camon-15-64gb-rom-4gb-ram-5000mah-battery-i160030526-s1091698188.html?search=1
smartphones,Vivo Y21 4GB/64GB 5000mah Battery,https://www.daraz.com.bd/products/vivo-y21-4gb64gb-i201905818-s1149448664.html?search=1
smartphones,OPPO F19 Smartphone 6GB RAM-128GB ROM,https://www.daraz.com.bd/products/oppo-f19-smartphone-6gb-ram-128gb-rom-i183419868-s1127753295.html?search=1
smartphones,OPPO A95 8GB RAM 128GB ROM - 5000 mAh Battery,https://www.daraz.com.bd/products/oppo-a95-8gb-ram-128gb-rom-5000-mah-battery-i215475755-s1163997390.html?search=1
smartphones,OPPO A16 4GB/64 GB,https://www.daraz.com.bd/products/oppo-a16-4gb64-gb-i211486117-s1161252289.html?search=1
smartphones,Tecno SPARK GO 2022 - (2+32GB),https://www.daraz.com.bd/products/tecno-spark-go-2022-232gb-i215443112-s1163962131.html?search=1
smartphones,OPPO Reno6 8GB RAM 128GB ROM - 4310 mAh Battery,https://www.daraz.com.bd/products/oppo-reno6-8gb128gb-i209442846-s1159710030.html?search=1
smartphones,Vivo Y21 4GB RAM 64GB ROM - Metallic Blue,https://www.daraz.com.bd/products/vivo-y21-464-metallic-blue-i202074120-s1149667160.html?search=1
smartphones,Huawei Nova 7i - 8GB Ram/ 128GB Rom,https://www.daraz.com.bd/products/huawei-nova-7i-8gb-ram128gb-rom-i209377490-s1159631550.html?search=1
smartphones,Huawei Y8P - 6GB Ram/ 128GB Rom,https://www.daraz.com.bd/products/huawei-y8p-6gb-ram-128gb-rom-i209241863-s1159529098.html?search=1
smartphones,Oppo F19 Smartphone 6Gb Ram - 128Gb Rom,https://www.daraz.com.bd/products/oppo-f19-smartphone-6gb-ram-128gb-rom-i188612175-s1136105466.html?search=1
smartphones,"OPPO A54 6GB128GB- Li-Po 5000 mAh, non-removable",https://www.daraz.com.bd/products/oppo-a54-6gb128gb-i193350293-s1140045964.html?search=1
smartphones,Tecno Camon 16 Pro 128Gb Rom + 6Gb Ram,https://www.daraz.com.bd/products/tecno-camon-16-pro-128gb-rom-6gb-ram-i167530969-s1101294442.html?search=1
smartphones,SAMSUNG A12 4/64 GB 5000 mAh BATTERY,https://www.daraz.com.bd/products/samsung-a12-464-gb-5000-mah-i213594233-s1162822500.html?search=1
smartphones,TECNO CAMON 16 Premier,https://www.daraz.com.bd/products/tecno-camon-16-premier-i167536439-s1101292455.html?search=1
smartphones,SAMSUNG F22 RAM 6 GB ROM 128 GB BATTERY 6000 mAh.,https://www.daraz.com.bd/products/samsung-f22-ram-6-gb-rom-128-gb-6000-mah-i213203309-s1162555473.html?search=1
smartphones,BiRD Smartphone E5018 4G Mobile,https://www.daraz.com.bd/products/e5018-4g-i221658549-s1168339908.html?search=1
smartphones,BIRD S1 Smartphone,https://www.daraz.com.bd/products/s1-i210532056-s1160587053.html?search=1
smartphones,vivo Y20G - 6GB/128GB - Blue,https://www.daraz.com.bd/products/vivo-y20g-6gb128gb-blue-i183110611-s1127217291.html?search=1
smartphones,Primo HM5(3GB),https://www.daraz.com.bd/products/hi5-3gb-i168376907-s1102490029.html?search=1
smartphones,Huawei Y5p - 2GB Ram/ 32GB Rom,https://www.daraz.com.bd/products/huawei-y5p-2gb-ram-32gb-rom-i209376806-s1159633943.html?search=1
smartphones,Oukitel C18 Pro 4Gb 64Gb 4000Mah Front Camera 8Mp Back Camera,https://www.daraz.com.bd/products/oukitel-c18-pro-4gb-64gb-4000mah-8mp-16mp-af-2mp-ff-8mp-ff-120-5mp-655-hd-haa-i194840636-s1141248231.html?search=1
smartphones,Nokia 3.4 DS Smartphone 3GB RAM 64GB ROM,https://www.daraz.com.bd/products/nokia-34-ds-smartphone-3gb-ram-64gb-rom-4000-mah-battery-i206653904-s1155957724.html?search=1
smartphones,Motorola Moto G40 Fusion -6Gb / 128Gb,https://www.daraz.com.bd/products/motorola-moto-g40-fusion-6gb-128gb-i198197201-s1145022135.html?search=1
smartphones,iPhone 13 256GB,https://www.daraz.com.bd/products/iphone-13-256gb-i205182396-s1153488627.html?search=1
smartphones,OnePlus Nord CE 5G Charcoal Ink 8GB/128GB,https://www.daraz.com.bd/products/oneplus-nord-ce-5g-charcoal-ink-8gb128gb-i209327107-s1159573031.html?search=1
smartphones,Huawei Y7p - 4GB Ram/ 64GB Rom,https://www.daraz.com.bd/products/huawei-y7p-4gb-ram-64gb-rom-i209263588-s1159519840.html?search=1
smartphones,OUKITEL C21  4GB+64GB  4000mAh  Front 20MP + Back 16MP Quad Camera,https://www.daraz.com.bd/products/oukitel-c21-4gb-64gb-4000mah-20mp-16mp-i170262246-s1105192780.html?search=1
smartphones,Umidigi A5 Pro - 6.3 inches FHD - 4GB RAM - 32GB ROM - 4150 mAh Battery,https://www.daraz.com.bd/products/umidigi-a5-pro-63-inches-fhd-4gb-ram-32gb-rom-4150-mah-battery-i121714626-s1041545611.html?search=1
smartphones,Samsung Galaxy A52s 5G 8GB128GB,https://www.daraz.com.bd/products/samsung-galaxy-a52s-5g-8gb128gb-i207575823-s1157356704.html?search=1
smartphones,"Tecno SPARK 7 - (3GB , 64GB)",https://www.daraz.com.bd/products/tecno-spark-7-3gb-64gb-i209974040-s1160165519.html?search=1
smartphones,Samsung Galaxy A32 - 6GB/128GB,https://www.daraz.com.bd/products/samsung-galaxy-a32-6gb128gb-i180378749-s1121624083.html?search=1
smartphones,Motorola Moto G10 Power - 4Gb Ram64Gb Rom,https://www.daraz.com.bd/products/motorola-moto-g10-power-4gb-ram64gb-rom-i202423715-s1150023960.html?search=1
smartphones,"Motorola Moto G30 - 6GB RAM/128GB ROM - 64MP Quad Camera - 5,000 mAh Battery",https://www.daraz.com.bd/products/motorola-moto-g30-6gb-ram128gb-rom-64mp-quad-camera-5000-mah-battery-i183041155-s1127110217.html?search=1
smartphones,OPPO A16 4GB RAM and 64GB ROM Smartphone,https://www.daraz.com.bd/products/oppo-a16-4gb64gb-i202425147-s1150027254.html?search=1
smartphones,Huawei Y6p - 4GB Ram/ 64GB Rom,https://www.daraz.com.bd/products/huawei-y6p-4gb-ram-64gb-rom-i209264650-s1159514983.html?search=1
smartphones,Motorola G8 Power Lite 5000Mah Battery,https://www.daraz.com.bd/products/motorola-g8-power-lite-5000mah-battery-i154350524-s1083432792.html?search=1
smartphones,Vivo Y21 4GB/64GB - Diamond Glow,https://www.daraz.com.bd/products/vivo-y21-464-i202060923-s1149666093.html?search=1
smartphones,Nokia 3.4 4GB RAM 64GB ROM- Black,https://www.daraz.com.bd/products/nokia-34-4gb-ram-64gb-rom-black-i193347711-s1140067052.html?search=1
smartphones,Walton Primo N4 3GB RAM 32GB ROM,https://www.daraz.com.bd/products/walton-primo-n4-3gb-ram-32gb-rom-i138438015-s1061246827.html?search=1
smartphones,Tecno Camon 15 64Gb Rom / 4Gb Ram - 5000Mah Battery,https://www.daraz.com.bd/products/tecno-camon-15-64gb-rom-4gb-ram-5000mah-battery-i160030526-s1091698188.html?search=1
smartphones,Vivo Y21 4GB/64GB 5000mah Battery,https://www.daraz.com.bd/products/vivo-y21-4gb64gb-i201905818-s1149448664.html?search=1
smartphones,OPPO F19 Smartphone 6GB RAM-128GB ROM,https://www.daraz.com.bd/products/oppo-f19-smartphone-6gb-ram-128gb-rom-i183419868-s1127753295.html?search=1
smartphones,OPPO A95 8GB RAM 128GB ROM - 5000 mAh Battery,https://www.daraz.com.bd/products/oppo-a95-8gb-ram-128gb-rom-5000-mah-battery-i215475755-s1163997390.html?search=1
smartphones,OPPO A16 4GB/64 GB,https://www.daraz.com.bd/products/oppo-a16-4gb64-gb-i211486117-s1161252289.html?search=1
smartphones,Tecno SPARK GO 2022 - (2+32GB),https://www.daraz.com.bd/products/tecno-spark-go-2022-232gb-i215443112-s1163962131.html?search=1
smartphones,OPPO Reno6 8GB RAM 128GB ROM - 4310 mAh Battery,https://www.daraz.com.bd/products/oppo-reno6-8gb128gb-i209442846-s1159710030.html?search=1
smartphones,Vivo Y21 4GB RAM 64GB ROM - Metallic Blue,https://www.daraz.com.bd/products/vivo-y21-464-metallic-blue-i202074120-s1149667160.html?search=1
smartphones,Huawei Nova 7i - 8GB Ram/ 128GB Rom,https://www.daraz.com.bd/products/huawei-nova-7i-8gb-ram128gb-rom-i209377490-s1159631550.html?search=1
smartphones,Huawei Y8P - 6GB Ram/ 128GB Rom,https://www.daraz.com.bd/products/huawei-y8p-6gb-ram-128gb-rom-i209241863-s1159529098.html?search=1
smartphones,Oppo F19 Smartphone 6Gb Ram - 128Gb Rom,https://www.daraz.com.bd/products/oppo-f19-smartphone-6gb-ram-128gb-rom-i188612175-s1136105466.html?search=1
smartphones,"OPPO A54 6GB128GB- Li-Po 5000 mAh, non-removable",https://www.daraz.com.bd/products/oppo-a54-6gb128gb-i193350293-s1140045964.html?search=1
smartphones,Tecno Camon 16 Pro 128Gb Rom + 6Gb Ram,https://www.daraz.com.bd/products/tecno-camon-16-pro-128gb-rom-6gb-ram-i167530969-s1101294442.html?search=1
smartphones,SAMSUNG A12 4/64 GB 5000 mAh BATTERY,https://www.daraz.com.bd/products/samsung-a12-464-gb-5000-mah-i213594233-s1162822500.html?search=1
smartphones,TECNO CAMON 16 Premier,https://www.daraz.com.bd/products/tecno-camon-16-premier-i167536439-s1101292455.html?search=1
smartphones,SAMSUNG F22 RAM 6 GB ROM 128 GB BATTERY 6000 mAh.,https://www.daraz.com.bd/products/samsung-f22-ram-6-gb-rom-128-gb-6000-mah-i213203309-s1162555473.html?search=1
smartphones,BiRD Smartphone E5018 4G Mobile,https://www.daraz.com.bd/products/e5018-4g-i221658549-s1168339908.html?search=1
smartphones,BIRD S1 Smartphone,https://www.daraz.com.bd/products/s1-i210532056-s1160587053.html?search=1
smartphones,vivo Y20G - 6GB/128GB - Blue,https://www.daraz.com.bd/products/vivo-y20g-6gb128gb-blue-i183110611-s1127217291.html?search=1
smartphones,Primo HM5(3GB),https://www.daraz.com.bd/products/hi5-3gb-i168376907-s1102490029.html?search=1
smartphones,Huawei Y5p - 2GB Ram/ 32GB Rom,https://www.daraz.com.bd/products/huawei-y5p-2gb-ram-32gb-rom-i209376806-s1159633943.html?search=1
smartphones,iPhone 13 Pro 256GB,https://www.daraz.com.bd/products/iphone-13-pro-256gb-i205166751-s1153478783.html?search=1
smartphones,Apple iPhone 12 Pro Max 256GB,https://www.daraz.com.bd/products/apple-iphone-12-pro-max-256gb-i206101215-s1154887988.html?search=1
smartphones,BiRD E4011 Smartphone- 8GB/ 512MB- 1550mAh,https://www.daraz.com.bd/products/bird-e4011-smartphone-8gb-512mb-1550mah-i184101431-s1128826222.html?search=1
smartphones,"Samsung Galaxy M12 - 6GB RAM/128GB ROM - 6,000 mAh Battery",https://www.daraz.com.bd/products/samsung-galaxy-m-6gb-ram128gb-rom-6000-mah-i183443391-s1131713687.html?search=1
smartphones,Walton Primo NF5 6.82 332 GB,https://www.daraz.com.bd/products/walton-primo-nf5-332-gb-i181576493-s1123290240.html?search=1
smartphones,Samsung Galaxy A03s 4GB/64GB,https://www.daraz.com.bd/products/samsung-galaxy-a03s-4gb64gb-i211242654-s1161055855.html?search=1
smartphones,Samsung Galaxy A52 4G 8 GB/128 GB,https://www.daraz.com.bd/products/samsung-galaxy-a52-4g-8-gb-128-gb-i217758536-s1165712401.html?search=1
smartphones,Primo F10 Walton Mobile,https://www.daraz.com.bd/products/primo-f9-i222013240-s1168582265.html?search=1
smartphones,Oppo A16 4GB RAM/64GB ROM 5000 mah Battery,https://www.daraz.com.bd/products/oppo-a16-4-64gb-i191721734-s1138655025.html?search=1
smartphones,SAMSUNG TAB A7 LITE 2021 RAM 3GB ROM 32 GB,https://www.daraz.com.bd/products/samsung-tab-a7-lite-2021-ram-3gb-rom-32-gb-i212908831-s1162362728.html?search=1
smartphones,iPhone 13 mini 256GB,https://www.daraz.com.bd/products/iphone-13-mini-256gb-i205183339-s1153488743.html?search=1
smartphones,iPhone 13 128GB,https://www.daraz.com.bd/products/iphone-13-128gb-i205164565-s1153480894.html?search=1
smartphones,iPhone 12 64GB,https://www.daraz.com.bd/products/iphone-12-64gb-i206048781-s1160235408.html?search=1
smartphones,Walton Primo RX5 Smartphone,https://www.daraz.com.bd/products/walton-primo-rx5-i168422006-s1102550351.html?search=1
smartphones,Walton Primo S7 Pro (6GB+128GB),https://www.daraz.com.bd/products/walton-primo-s7-pro-6gb128gb-i171292503-s1107226324.html?search=1
smartphones,Oppo A95 8GB RAM 128GB ROM,https://www.daraz.com.bd/products/oppo-a95-8gb-ram-128gb-rom-i219935673-s1167405750.html?search=1
smartphones,SAMSUNG A12 4/128 GB 5000 mAh Battery,https://www.daraz.com.bd/products/samsung-a12-4128-gb-5000-mah-i209927845-s1160151463.html?search=1
smartphones,Walton Primo R8,https://www.daraz.com.bd/products/r8-i183277724-s1135643086.html?search=1
smartphones,SAMSUNG GALAXY M32 6000 BATTERY,https://www.daraz.com.bd/products/samsung-galaxy-m32-ram-6gb-rom-32-gb-6000mah-i215555738-s1164054668.html?search=1
smartphones,Walton PRIMO RX9,https://www.daraz.com.bd/products/walton-primo-rx9-i203255176-s1151310412.html?search=1
smartphones,SAMSUNG GALAXY A52S 5G,https://www.daraz.com.bd/products/samsung-galaxy-a52s-5g-i214056443-s1163160769.html?search=1
smartphones,OPPO RENO 6 (8+128GB),https://www.daraz.com.bd/products/oppo-reno-6-8-128gb-i191742949-s1138653956.html?search=1
smartphones,OPPO F19 PRO 8GB/128GB - LED flash,https://www.daraz.com.bd/products/oppo-f19-pro-8gb128gb-led-flash-i181110189-s1122615637.html?search=1
smartphones,OPPO F19 6GB+128GB,https://www.daraz.com.bd/products/oppo-f19-6gb128gb-i183810445-s1128356760.html?search=1
smartphones,Apple iPhone SE (2000) 64 GB,https://www.daraz.com.bd/products/apple-iphone-se-2000-64-gb-i220838074-s1167930915.html?search=1
smartphones,Walton Primo S7 (4GB) Smartphone,https://www.daraz.com.bd/products/walton-primo-s7-4gb-smartphone-i168422815-s1102552533.html?search=1
smartphones,Walton Primo N4 (4GB RAM /64GB ROM),https://www.daraz.com.bd/products/walton-primo-n4-4gb-ram-64gb-rom-i171294411-s1107228116.html?search=1
smartphones,Oppo F19 Pro 8GB RAM 128GB ROM,https://www.daraz.com.bd/products/oppo-f19-pro-8gb-ram-128gb-rom-i219934655-s1167415166.html?search=1
smartphones,Symphony Z30 Pro,https://www.daraz.com.bd/products/symphony-z30-pro-i184406637-s1129310829.html?search=1
smartphones,Symphony ATOM II,https://www.daraz.com.bd/products/symphony-atom-i184396807-s1160541760.html?search=1
smartphones,Oppo A16-3Gb-32Gb,https://www.daraz.com.bd/products/oppo-a16-3gb-32gb-i191727328-s1138646370.html?search=1
smartphones,OPPO F19 PRO 8GB/128GB,https://www.daraz.com.bd/products/oppo-f19-pro-8gb128gb-i180076422-s1121242357.html?search=1
smartphones,OPPO A54 6 + 128GB Dual SIM android Phone,https://www.daraz.com.bd/products/oppo-a54-8-128gb-i191732701-s1138663008.html?search=1
smartphones,SAMSUNG GALAXY A32 RAM 6 GB &amp; ROM 128 GB,https://www.daraz.com.bd/products/samsung-galaxy-a32-ram-6-gb-rom-128-gb-i219052859-s1167121251.html?search=1
smartphones,Walton Primo R6 Smartphone,https://www.daraz.com.bd/products/walton-primo-r6-i168410879-s1102546652.html?search=1
smartphones,VIVO Y20G 6GB/128GB,https://www.daraz.com.bd/products/vivo-y20g-6gb128gb-i181024762-s1122462992.html?search=1
smartphones,VIVO Y53S (8+128GB),https://www.daraz.com.bd/products/vivo-y53s-8128gb-i191748180-s1138667154.html?search=1
smartphones,BiRD F07 Smartphone,https://www.daraz.com.bd/products/f07-i184098461-s1128827254.html?search=1
smartphones,invens MAX3 Smartphone,https://www.daraz.com.bd/products/max3-i192656396-s1139422823.html?search=1
smartphones,Realme Narzo 30 - 6GB RAM/128GB ROM - 5000mAH Battery,https://www.daraz.com.bd/products/realme-narzo-30-6gb-ram128gb-rom-5000mah-battery-i192685181-s1139439947.html?search=1
smartphones,Realme C20A - 5000 Mah Battery,https://www.daraz.com.bd/products/realme-c20a-5000-mah-battery-i190589427-s1137882723.html?search=1
smartphones,Realme Narzo 30 - 6GB RAM128GB ROM,https://www.daraz.com.bd/products/realme-narzo-30-6gb-ram128gb-rom-5000mah-battery-i192683279-s1139441835.html?search=1
smartphones,Realme Narzo 30 - 6GB RAM/128GB ROM - 5000mAH Battery,https://www.daraz.com.bd/products/realme-narzo-30-6gb-ram128gb-rom-5000mah-battery-i192676737-s1139448300.html?search=1
smartphones,Samsung Galaxy Phone A12 - 4/64Gb - 5000 mAh Battery,https://www.daraz.com.bd/products/samsung-galaxy-phone-a12-464gb-5000-mah-battery-i189568808-s1137295174.html?search=1
smartphones,Realme C21 - 4GB / 64GB,https://www.daraz.com.bd/products/realme-c21-4gb-64gb-i190585629-s1137879837.html?search=1
smartphones,realme 6 - 8GB RAM /128GB ROM,https://www.daraz.com.bd/products/realme-6-8gb-ram-128gb-rom-i133210201-s1054764368.html?search=1
smartphones,Samsung Galaxy M02 2/32 GB,https://www.daraz.com.bd/products/samsung-galaxy-m02-232-gb-i216950508-s1165112142.html?search=1
smartphones,Realme 8 pro-8GB-128GB,https://www.daraz.com.bd/products/realme-8-pro-8gb-128gb-i191202093-s1138332380.html?search=1
smartphones,Samsung Galaxy M02 3/32 Gb Phone,https://www.daraz.com.bd/products/samsung-galaxy-m02-332-gb-i207663518-s1157447761.html?search=1
smartphones,"Teesso_X2: 1GB RAM/16GB ROM_5.5"" Display_5MP/8MP Camera_3000 mAh Battery",https://www.daraz.com.bd/products/teesso_x2-1gb-ram16gb-rom_55-display_5mp8mp-camera_3000-mah-battery-i184668730-s1129834989.html?search=1
smartphones,Tecno SPARK 6 GO (2+32GB),https://www.daraz.com.bd/products/tecno-spark-6-go-232gb-i210328577-s1160423038.html?search=1
smartphones,Realme C21 - 3GB / 32GB,https://www.daraz.com.bd/products/realme-c21-3gb-32gb-i190593033-s1137877000.html?search=1
smartphones,Huawei P30 Lite - Smartphone - 6.15  - 6GB RAM - 128GB ROM - 24MP Camera,https://www.daraz.com.bd/products/huawei-p30-lite-615-6gb-ram-128gb-rom-24mp-i124280757-s1044565076.html?search=1
smartphones,Motorola moto G60 - 6GB / 128GB,https://www.daraz.com.bd/products/motorola-moto-g60-6gb-128gb-i198209203-s1145029174.html?search=1
smartphones,Samsung Galaxy A22 6GB/128GB,https://www.daraz.com.bd/products/samsung-galaxy-a22-6gb128gb-i222203186-s1168695358.html?search=1
smartphones,Samsung Galaxy A32 8GB/128GB,https://www.daraz.com.bd/products/samsung-galaxy-a32-8gb128gb-i191577799-s1138555155.html?search=1
smartphones,Samsung Galaxy A12 4GB/64GB,https://www.daraz.com.bd/products/samsung-galaxy-a12-4gb64gb-i222106163-s1168643401.html?search=1
smartphones,Titanic T-2 Alpha 4,https://www.daraz.com.bd/products/t-2-4-i217956089-s1165843988.html?search=1
smartphones,Titanic T-2 Alpha 5,https://www.daraz.com.bd/products/t-2-4-i217948617-s1165854138.html?search=1
smartphones,Walton Phone Primo E12 - 1Gb Ram,https://www.daraz.com.bd/products/walton-primo-e12-i200908418-s1148098384.html?search=1
smartphones,Huawei  Y5 2019 - Smartphone - 5.71  - 2GB RAM - 32GB ROM - 13MP Camera,https://www.daraz.com.bd/products/huawei-y5-2019-571-2gb-ram-32gb-rom-13mp-i124276973-s1044561971.html?search=1
smartphones,OPPO Reno6 8GB/128GB,https://www.daraz.com.bd/products/oppo-reno6-8gb128gb-i209505049-s1159746142.html?search=1
smartphones,Samsung Galaxy M02 2GB/32GB,https://www.daraz.com.bd/products/samsung-galaxy-m02-2gb32gb-i221863475-s1168465887.html?search=1
smartphones,Samsung Galaxy F22 6GB/128GB,https://www.daraz.com.bd/products/samsung-galaxy-f22-6gb128gb-i222198023-s1168692490.html?search=1
smartphones,Samsung Galaxy M02 3GB/32GB,https://www.daraz.com.bd/products/samsung-galaxy-m02-3gb32gb-i221889171-s1168489003.html?search=1
smartphones,Samsung Galaxy A12 4GB/128GB,https://www.daraz.com.bd/products/samsung-galaxy-a12-4gb128gb-i222093729-s1168645339.html?search=1
smartphones,Samsung Galaxy A12 (4/64 GB),https://www.daraz.com.bd/products/samsung-galaxy-a12-464-gb-i211765767-s1161556148.html?search=1
smartphones,Walton Primo HM6,https://www.daraz.com.bd/products/hm6-i200962179-s1148142975.html?search=1
smartphones,Walton Primo D10 (1GB/16GB),https://www.daraz.com.bd/products/walton-primo-d10-1gb16gb-i168232555-s1132808600.html?search=1
smartphones,BIRD ES5506 Smartphone,https://www.daraz.com.bd/products/es5506-i165832413-s1099326448.html?search=1
smartphones,Infinix Hot 11s - 6GB RAM/ 128GB ROM,https://www.daraz.com.bd/products/infinix-hot-11s-6gb-ram-128gb-rom-i209394478-s1159636718.html?search=1
smartphones,Huawei Nova 5T - Smartphone - 6.26  - 8GB RAM - 128GB ROM - 32MP Camera,https://www.daraz.com.bd/products/huawei-nova-5t-626-8gb-ram-128gb-rom-32mp-i124121322-s1044416611.html?search=1
smartphones,POCO M2 Pro - 6GB RAM/64GB ROM - Qualcomm Snapdragon 720G - 33W Fast Charging,https://www.daraz.com.bd/products/poco-m2-pro-6gb-ram64gb-rom-qualcomm-snapdragon-720g-33w-fast-charging-i179472320-s1120584262.html?search=1
smartphones,Samsung Galaxy A52 8GB/128GB,https://www.daraz.com.bd/products/samsung-galaxy-a52-8gb128gb-i222507307-s1168871478.html?search=1
smartphones,Samsung Galaxy A52s 5G 8GB/128GB,https://www.daraz.com.bd/products/samsung-galaxy-a52s-5g-8gb128gb-i222516017-s1168875349.html?search=1
smartphones,Samsung Galaxy A32 6GB/128GB,https://www.daraz.com.bd/products/samsung-galaxy-a32-6gb128gb-i222513102-s1168866457.html?search=1
smartphones,Samsung Galaxy A03s 4GB/64GB,https://www.daraz.com.bd/products/samsung-galaxy-a03s-4gb64gb-i221898308-s1168479619.html?search=1
smartphones,Titanic T-2 Alpha 4,https://www.daraz.com.bd/products/t-2-4-i217944641-s1165853080.html?search=1
smartphones,Samsung galaxy A12 4/64 GB - Battery 5000mAh,https://www.daraz.com.bd/products/samsung-galaxy-a12-464-gb-i210253501-s1160360187.html?search=1
smartphones,Invens Maxtop1 2GB RAM Smartphone,https://www.daraz.com.bd/products/maxtop1-2gb-ram-i192588172-s1139419041.html?search=1
smartphones,OPPO A95 8GB/128GB,https://www.daraz.com.bd/products/oppo-a95-8gb128gb-i212364759-s1162000169.html?search=1
smartphones,Walton Mobile Walton Primo GH10 Smartphone,https://www.daraz.com.bd/products/walton-mobile-walton-primo-gh10-smartphone-i203499813-s1151560419.html?search=1
smartphones,Tecno SPARK 8 Pro - (6+64GB),https://www.daraz.com.bd/products/tecno-spark-8-pro-664gb-i215436490-s1163966017.html?search=1
smartphones,Infinix Hot 11 Play - 6000mAh Battery - 6.82 Inch,https://www.daraz.com.bd/products/infinix-hot-11-play-6000mah-682-i219055957-s1166679578.html?search=1
smartphones,OPPO F19 Pro - 8GB RAM/128GB ROM,https://www.daraz.com.bd/products/oppo-f19-pro-8gb-ram128gb-rom-i188946384-s1136703814.html?search=1
smartphones,Vivo Y20G 6/128,https://www.daraz.com.bd/products/vivo-y20g-6128-i202021020-s1149611196.html?search=1
smartphones,Samsung Galaxy A32 8GB/128GB,https://www.daraz.com.bd/products/samsung-galaxy-a32-8gb128gb-i222510250-s1168861740.html?search=1
smartphones,Samsung Galaxy M32 6GB/128GB,https://www.daraz.com.bd/products/samsung-galaxy-m32-6gb128gb-i222231067-s1168701701.html?search=1
smartphones,Samsung Galaxy A03s 4GB/64GB,https://www.daraz.com.bd/products/samsung-galaxy-a03s-4gb64gb-i210246627-s1160356331.html?search=1
smartphones,Samsung Galaxy A72 8GB/256GB,https://www.daraz.com.bd/products/samsung-galaxy-a72-8gb256gb-i222510464-s1168863858.html?search=1
smartphones,Vivo v20se 8GB/128GB,https://www.daraz.com.bd/products/vivo-v20se-8gb128gb-i202059100-s1161490460.html?search=1
smartphones,Walton Smart Phone Primo D10,https://www.daraz.com.bd/products/walton-d10-i215459794-s1163975970.html?search=1
smartphones,Titanic T-2 Alpha 5,https://www.daraz.com.bd/products/t-2-4-i217957182-s1165845927.html?search=1
smartphones,Walton Primo F10,https://www.daraz.com.bd/products/walton-primo-f10-i202109243-s1149694851.html?search=1
smartphones,Samsung Galaxy M12 - 6GB/128GB,https://www.daraz.com.bd/products/samsung-galaxy-m12-6gb128gb-i210242984-s1160361116.html?search=1
smartphones,Walton Mobile Primo R8 Smartphone,https://www.daraz.com.bd/products/walton-mobile-primo-r8-smartphone-i186340715-s1132807799.html?search=1
smartphones,Walton Primo H8 Pro Smartphone - Cyan Blue,https://www.daraz.com.bd/products/walton-primo-h8-pro-i186787178-s1133321753.html?search=1
smartphones,Walton Primo F10 - 16GB/1 GB (5.6 - 6 Inch),https://www.daraz.com.bd/products/walton-primo-f10-16gb1-gb-56-6-inch-i189520816-s1137265399.html?search=1
smartphones,Vivo Y53S 8Gb/128Gb,https://www.daraz.com.bd/products/vivo-y53s-8gb128gb-i202032922-s1149612819.html?search=1
smartphones,OPPO F19 Pro 8GB/128GB,https://www.daraz.com.bd/products/oppo-f19-pro-8gb128gb-i205090664-s1153381965.html?search=1
smartphones,Samsung Galaxy F22 (6/128GB),https://www.daraz.com.bd/products/samsung-galaxy-f22-6128gb-i210244760-s1160350588.html?search=1
smartphones,Infinix Hot 11s - 4GB RAM/ 128GB ROM,https://www.daraz.com.bd/products/infinix-hot-11s-4gb-ram-128gb-rom-i209401203-s1159644255.html?search=1
smartphones,Infinix Hot 10S - 6GB RAM / 128GB ROM,https://www.daraz.com.bd/products/infinix-hot-10s-6gb-ram128gb-rom-i217282001-s1166676403.html?search=1
smartphones,Infinix Note 11 Pro,https://www.daraz.com.bd/products/infinix-note-11-pro-i210747511-s1160689645.html?search=1
smartphones,Motorola Moto E7 Plus - 4GB RAM/64GB ROM -  48MP Dual Camera - 5000 mAh Battery,https://www.daraz.com.bd/products/motorola-moto-e7-plus-4gb-ram64gb-rom-48mp-dual-camera-5000-mah-battery-i169150659-s1103748294.html?search=1
smartphones,OPPOF19 6GB/128GB,https://www.daraz.com.bd/products/oppo-f19-6gb128gb-i184312216-s1129139511.html?search=1
smartphones,vivo Y12A 3GB/32GB,https://www.daraz.com.bd/products/vivo-y12a-3gb32gb-i201906491-s1149428931.html?search=1
smartphones,"Tecno SPARK 7 - (4GB , 64GB)",https://www.daraz.com.bd/products/tecno-spark-7-4gb-64gb-i210789354-s1160698848.html?search=1
smartphones,Nokia Mobile NOKIA 3.4 Smartphone,https://www.daraz.com.bd/products/nokia-mobile-nokia-34-smartphone-i210676462-s1160667737.html?search=1
smartphones,VIVO V21 8GB RAM/128GB ROM Mobile Phone,https://www.daraz.com.bd/products/vivo-v21e-8gb128gb-i202407547-s1169624441.html?search=1
smartphones,Walton Mobile Primo RX8 Mini Smartphone,https://www.daraz.com.bd/products/walton-mobile-primo-rx8-mini-smartphone-i185681581-s1131499045.html?search=1
smartphones,Samsung Galaxy M02 2/32 GB,https://www.daraz.com.bd/products/samsung-galaxy-m02-232-gb-i184245699-s1129006931.html?search=1
smartphones,Walton Mobile Walton Primo NF5 Smartphone,https://www.daraz.com.bd/products/walton-mobile-walton-primo-nf5-smartphone-i210663638-s1160672073.html?search=1
smartphones,SAMSUNG GALAXY A03 CORE (2/32)GB 5000mAh BATTERY,https://www.daraz.com.bd/products/samsung-galaxy-a03-i220872631-s1167968437.html?search=1
smartphones,vivo V20 8GB/128GB,https://www.daraz.com.bd/products/vivo-v20-8gb128gb-i202046941-s1149642407.html?search=1
smartphones,Walton Primo H8 Pro,https://www.daraz.com.bd/products/walton-primo-h8-pro-i200905853-s1148100471.html?search=1
smartphones,Walton Primo H9 Pro,https://www.daraz.com.bd/products/walton-primo-h9-pro-i201342168-s1148522645.html?search=1
smartphones,OPPO A16 3GB/32GB,https://www.daraz.com.bd/products/oppo-a16-3gb32gb-i202413420-s1150026058.html?search=1
smartphones,Vivo V21e 8GB RAM 128GB ROM,https://www.daraz.com.bd/products/vivo-v21e-8gb128gb-i202411031-s1150008859.html?search=1
smartphones,vivo Y15s 3GB/32GB,https://www.daraz.com.bd/products/vivo-y15s-3gb32gb-i215774651-s1164259046.html?search=1
