website-url,category,products-link-href,products-name
https://www.pickaboo.com/,Lifestyle,https://www.pickaboo.com/pritech-pr-1040-rechargeable-waterproof-hair-trimmer.html,PRITECH PR-1040 Rechargeable Waterproof Hair Trimmer
https://www.pickaboo.com/,Feature Phones,https://www.pickaboo.com/samsung-metro-350.html,Samsung Metro 350
https://www.pickaboo.com/,Smartphones,https://www.pickaboo.com/redmi-note-9-6gb-128gb.html,Redmi Note 9 6GB/128GB
https://www.pickaboo.com/,Electronics & Appliances,https://www.pickaboo.com/sinbo-hand-mixer.html,Sinbo Hand Mixer
https://www.pickaboo.com/,Accessories,https://www.pickaboo.com/realme-7-pro.html,realme 7 Pro 8GB/128GB With Free T-Shirts
https://www.pickaboo.com/,Electronics & Appliances,https://www.pickaboo.com/nima-2-in-1-electric-spice-grinder-juicer-silver.html,Nima 2 in 1 Electric Spice Grinder & Juicer - Silver
https://www.pickaboo.com/,Feature Phones,https://www.pickaboo.com/samsung-b313e-metro-313.html,SAMSUNG Metro 313
https://www.pickaboo.com/,Accessories,https://www.pickaboo.com/hugo-boss-125ml-just-different-edt-perfume-for-men.html,HUGO BOSS JUST DIFFERENT MEN EDT 125 ML (737052714028)
https://www.pickaboo.com/,Accessories,https://www.pickaboo.com/oppo-f17-pro-8gb-128gb.html,OPPO F17 Pro 8GB/128GB
https://www.pickaboo.com/,Lifestyle,https://www.pickaboo.com/pritech-pr-2322-3-level-adjustment-rechargeable-hair-trimmer.html,PRITECH PR-2322 3 Level Adjustment Rechargeable Hair Trimmer
https://www.pickaboo.com/,Electronics & Appliances,https://www.pickaboo.com/yogurt-doi-maker.html,Yogurt Doi Maker
https://www.pickaboo.com/,Lifestyle,https://www.pickaboo.com/skmei-9217blwh-fashion-wristwatch-for-men.html,Skmei 9217BLWH Fashion Wristwatch for Men
https://www.pickaboo.com/,Accessories,https://www.pickaboo.com/xiaomi-v3-20000mah-usb-c-powerbank.html,Xiaomi V3 20000mAh USB-C Powerbank - White
https://www.pickaboo.com/,Electronics & Appliances,https://www.pickaboo.com/bamboo-choping-board.html,Bamboo Choping Board
https://www.pickaboo.com/,Accessories,https://www.pickaboo.com/philips-hl7555-00-juicer-mixer-grinder.html,Philips HL7555/00 Juicer Mixer Grinder
https://www.pickaboo.com/,Accessories,https://www.pickaboo.com/lenovo-lp1-tws-waterproof-sport-earbud-bluetooth-5-noise-cancelling-mic-dual-stereo-hifi-bass-touch.html,Lenovo LP1 TWS Waterproof Sport Earbud Bluetooth 5 Noise Cancelling Mic Dual Stereo HIFI Bass Touch
https://www.pickaboo.com/,Lifestyle,https://www.pickaboo.com/skmei-9217brbl-fashion-wristwatch-for-men.html,Skmei 9217BRBL Fashion Wristwatch for Men
https://www.pickaboo.com/,Lifestyle,https://www.pickaboo.com/victoria-s-secret-love-addict-body-mist-250-ml-for-women.html,Victoria's Secret love addict Body Mist 250 ml for Women
https://www.pickaboo.com/,Accessories,https://www.pickaboo.com/casio-men-s-analog-watch-mtp-1381l-1av.html,CASIO  Men's Analog Watch (MTP-1381L-1AV)
https://www.pickaboo.com/,Feature Phones,https://www.pickaboo.com/nokia-3310-2017.html,Nokia 3310 (2017)
https://www.pickaboo.com/,Lifestyle,https://www.pickaboo.com/victoria-s-secret-bombshell-seduction-body-mist.html,Victoria’s Secret Bombshell Seduction Body Mist
https://www.pickaboo.com/,Lifestyle,https://www.pickaboo.com/pritech-pr-1821-3-in-1-beard-trimer-for-men.html,PRITECH PR-1821 3 in 1 Beard Trimer for Men
https://www.pickaboo.com/,Lifestyle,https://www.pickaboo.com/victoria-s-secret-body-mist-bombshell-paris.html,Victoria’s Secret Body Mist Bombshell Paris
https://www.pickaboo.com/,Accessories,https://www.pickaboo.com/dobe-dual-charging-dock-for-ps4.html,Dobe Dual Charging Dock for PS4
https://www.pickaboo.com/,Accessories,https://www.pickaboo.com/huawei-am61-sport-bluetooth-earphone.html,Huawei AM61 Sport Bluetooth Earphone
https://www.pickaboo.com/,Accessories,https://www.pickaboo.com/sony-ps4-playstation-4-slim-500gb-gaming-console-jet-black.html,SONY PS4 (PlayStation 4) Slim 500GB Gaming Console - Jet Black
https://www.pickaboo.com/,Accessories,https://www.pickaboo.com/hyperx-cloud-ii-professional-gaming-headset-7-1-surround-sound-durable-aluminum-frame-red.html,HyperX Cloud II Professional Gaming Headset 7.1 Surround Sound Durable Aluminum Frame - Red
https://www.pickaboo.com/,Accessories,https://www.pickaboo.com/ps4-dual-shock-4-controller-a-grade-green.html,PS4 Dual Shock 4 Controller (A Grade)-Green
https://www.pickaboo.com/,Electronics & Appliances,https://www.pickaboo.com/easy-spin-mop-with-bucket.html,Easy Spin Mop with Bucket
https://www.pickaboo.com/,Accessories,https://www.pickaboo.com/tp-link-archer-c20-ac750-wireless-dual-band-router.html,TP-Link Archer C20 AC750 Wireless Dual Band Router
https://www.pickaboo.com/,Feature Phones,https://www.pickaboo.com/samsung-metro-b313.html,Samsung Metro B313
https://www.pickaboo.com/,Smartphones,https://www.pickaboo.com/samsung-galaxy-m01-core-1gb-16gb.html,Samsung Galaxy M01 Core 1GB/16GB
https://www.pickaboo.com/,Accessories,https://www.pickaboo.com/samsung-galaxy-m21-6gb-128gb.html,Samsung Galaxy M21 6GB/128GB
https://www.pickaboo.com/,Lifestyle,https://www.pickaboo.com/pritech-pr-2226-6-in-1-multifunctional-electric-shaver.html,PRITECH PR-2226 6 In 1 Multifunctional Electric Shaver
https://www.pickaboo.com/,Feature Phones,https://www.pickaboo.com/samsung-guru-music.html,Samsung Guru Music 2
https://www.pickaboo.com/,Accessories,https://www.pickaboo.com/oneplus-bullets-wireless-z-in-ear-headphone.html,OnePlus Bullets Wireless Z In-Ear Headphone
https://www.pickaboo.com/,Electronics & Appliances,https://www.pickaboo.com/livpure-platino-envy-alkaline-water-purifier.html,Livpure Platino Envy Alkaline Water Purifier
https://www.pickaboo.com/,Accessories,https://www.pickaboo.com/microsoft-xbox-one-x-1tb-4k-gaming-console-black.html,Microsoft Xbox One X 1TB 4K Gaming Console - Black
https://www.pickaboo.com/,Feature Phones,https://www.pickaboo.com/nokia-130-dual-2017.html,Nokia 130 Dual 2017
https://www.pickaboo.com/,Accessories,https://www.pickaboo.com/gree-gs18ct-1-5-ton-non-inverter-split-type-air-conditioner.html,Gree GS18CT 1.5 Ton Non-Inverter Split Type Air Conditioner
https://www.pickaboo.com/,Feature Phones,https://www.pickaboo.com/nokia-5310ds.html,Nokia 5310 DS 2020
https://www.pickaboo.com/,Accessories,https://www.pickaboo.com/xbox-360-controller-wired-pc-xbox-black.html,Xbox 360 Controller Wired PC/ Xbox -Black
https://www.pickaboo.com/,Smartphones,https://www.pickaboo.com/huawei-p40-pro-5g-8gb-256gb.html,Huawei P40 Pro 5G 8GB/256GB
https://www.pickaboo.com/,Feature Phones,https://www.pickaboo.com/nokia-106ds.html,Nokia 106DS
https://www.pickaboo.com/,Electronics & Appliances,https://www.pickaboo.com/ankuxi-vegetable-detoxifier.html,Ankuxi Vegetable Detoxifier
https://www.pickaboo.com/,Lifestyle,https://www.pickaboo.com/victoria-s-secret-wild-one-body-mist-250-ml-for-women.html,Victoria's Secret Wild One Body Mist 250 ml for Women
https://www.pickaboo.com/,Smartphones,https://www.pickaboo.com/samsung-galaxy-m01-core-2gb-32gb.html,Samsung Galaxy M01 Core 2GB/32GB
https://www.pickaboo.com/,Smartphones,https://www.pickaboo.com/huawei-matepad-t-4g-2gb-32gb.html,Huawei Matepad T (4G) 2GB/32GB
https://www.pickaboo.com/,Accessories,https://www.pickaboo.com/haylou-ls05-smart-watch-global-version-black.html,Haylou LS05 Smart Watch Global Version - Black
https://www.pickaboo.com/,Smartphones,https://www.pickaboo.com/samsung-galaxy-s20-fe-fan-edition.html,Samsung Galaxy S20 FE (Pre-Book)
https://www.pickaboo.com/,Accessories,https://www.pickaboo.com/xiaomi-tv-box-s-global-version.html,Xiaomi TV Box S Global Version - Black
https://www.pickaboo.com/,Accessories,https://www.pickaboo.com/asus-tuf-vg259q-25-inch-144hz-adaptive-sync-ips-gaming-monitor.html,Asus TUF VG259Q 25 Inch 144Hz Adaptive-Sync IPS Gaming Monitor
https://www.pickaboo.com/,Accessories,https://www.pickaboo.com/kemei-km-9020-trimmer.html,Kemei KM-9020 Trimmer
https://www.pickaboo.com/,Electronics & Appliances,https://www.pickaboo.com/digital-kitchen-weight-scale-white.html,Digital Kitchen Weight Scale - White
https://www.pickaboo.com/,Smartphones,https://www.pickaboo.com/huawei-matepad-t-wifi-2gb-16gb.html,Huawei Matepad T (WIFI) 2GB/16GB
https://www.pickaboo.com/,Electronics & Appliances,https://www.pickaboo.com/national-view-king-chef-blender-and-mixer-grinder-2000-watt.html,National View King Chef Blender and Mixer Grinder 2000 Watt
https://www.pickaboo.com/,Accessories,https://www.pickaboo.com/livpure-bolt-copper-water-purifier.html,Livpure Bolt Copper Water Purifier
https://www.pickaboo.com/,Electronics & Appliances,https://www.pickaboo.com/instant-hot-water-shower.html,Instant Hot Water Shower
https://www.pickaboo.com/,Lifestyle,https://www.pickaboo.com/skmei-sk1370gr-fashion-wristwatch-for-men.html,Skmei SK1370GR Fashion Wristwatch for Men
https://www.pickaboo.com/,Lifestyle,https://www.pickaboo.com/pritech-pr-1675-3-in-1-electric-shavers-for-men.html,Pritech PR-1675 3 In 1 Electric Shavers For Men
https://www.pickaboo.com/,Lifestyle,https://www.pickaboo.com/victoria-s-secret-love-spell-body-mist-250-ml-for-women.html,Victoria's Secret Love Spell Body Mist 250 ml for Women
https://www.pickaboo.com/,Smartphones,https://www.pickaboo.com/vivo-v20-se.html,vivo V20 SE with Free vivo Gift Box
https://www.pickaboo.com/,Accessories,https://www.pickaboo.com/tp-link-archer-c6-ac1200-wireless-mu-mimo-gigabit-router.html,TP-Link Archer C6 AC1200 Wireless MU-MIMO Gigabit Router
https://www.pickaboo.com/,Smartphones,https://www.pickaboo.com/vivo-v20-8gb-128gb.html,vivo V20 8GB/128GB
https://www.pickaboo.com/,Accessories,https://www.pickaboo.com/vivo-y20-4gb-64gb.html,vivo Y20 4GB/64GB
https://www.pickaboo.com/,Accessories,https://www.pickaboo.com/sup-m3-game-box-built-in-900-retro-classic-games-in-mini-handheld-console.html,Sup M3 Game Box Built in 900 Retro Classic Games in Mini Handheld Console
https://www.pickaboo.com/,Lifestyle,https://www.pickaboo.com/victoria-s-secret-you-should-be-dancing-fragrance-mist-250ml.html,Victoria’s Secret You Should Be Dancing Fragrance Mist 250ml
https://www.pickaboo.com/,Feature Phones,https://www.pickaboo.com/nokia-2720-flip-4g.html,Nokia 2720 Flip 4G
https://www.pickaboo.com/,Feature Phones,https://www.pickaboo.com/nokia-105-ds-2019.html,Nokia 105 DS (2019)
https://www.pickaboo.com/,Feature Phones,https://www.pickaboo.com/nokia-150-ds-2020.html,Nokia 150 DS 2020
https://www.pickaboo.com/,Electronics & Appliances,https://www.pickaboo.com/ss-glass-holder.html,SS Glass holder
https://www.pickaboo.com/,Lifestyle,https://www.pickaboo.com/victoria-s-secret-aqua-kiss-body-mist-250-ml-for-women.html,Victoria's Secret Aqua Kiss Body Mist 250 ml for Women
https://www.pickaboo.com/,Electronics & Appliances,https://www.pickaboo.com/silver-crest-mini-portable-juicer.html,Silver Crest Mini Portable Juicer
https://www.pickaboo.com/,Feature Phones,https://www.pickaboo.com/nokia-230.html,Nokia 230 DS
https://www.pickaboo.com/,Accessories,https://www.pickaboo.com/smk-twister-captain-america-gl-163-full-face-helmet-clear-visor.html,SMK Twister Captain America GL 163 Full Face Helmet (Clear Visor)
https://www.pickaboo.com/,Feature Phones,https://www.pickaboo.com/nokia-150.html,Nokia-150 Ds
https://www.pickaboo.com/,Accessories,https://www.pickaboo.com/netflix-1-screen-basic-package-subscription-1-month.html,Netflix 1 Screen Sharing 1 Month
https://www.pickaboo.com/,Lifestyle,https://www.pickaboo.com/pritech-pr-2144-professional-hair-trimmer.html,PRITECH PR-2144 Professional Hair Trimmer
https://www.pickaboo.com/,Electronics & Appliances,https://www.pickaboo.com/round-shape-exclusive-wooden-roti-maker-jumbo-size-10-inch-with-both-side-gum-tape-and-food-grade-wrapping-poly-roll.html,Round Shape Exclusive Wooden Roti Maker Jumbo Size 10 Inch with Both Side Gum  Tape and Food Grade Wrapping Poly Roll
https://www.pickaboo.com/,Electronics & Appliances,https://www.pickaboo.com/bosch-compact-toaster-tat6a111gb-white-dark-grey.html,Bosch Compact Toaster (TAT6A111GB) - White & Grey
https://www.pickaboo.com/,Accessories,https://www.pickaboo.com/philips-hairdryer-hp8142.html,Philips Hairdryer HP8142
https://www.pickaboo.com/,Electronics & Appliances,https://www.pickaboo.com/miyako-ptc602-electric-room-heater.html,Miyako PTC602 Electric Room Heater
https://www.pickaboo.com/,Smartphones,https://www.pickaboo.com/redmi-note-9-4gb-64gb.html,Redmi Note 9 4GB/64GB
https://www.pickaboo.com/,Accessories,https://www.pickaboo.com/oppo-a33-3gb-32gb.html,Oppo A33 3GB/32GB
https://www.pickaboo.com/,Smartphones,https://www.pickaboo.com/huawei-y5p-2gb-32gb.html,Huawei Y5p 2GB/32GB
https://www.pickaboo.com/,Electronics & Appliances,https://www.pickaboo.com/high-quality-zepter-kitchen-knife-set-6-pcs.html,High Quality Zepter Kitchen Knife Set 6 Pcs
https://www.pickaboo.com/,Smartphones,https://www.pickaboo.com/realme-7i.html,realme 7i 8GB/128GB
https://www.pickaboo.com/,Feature Phones,https://www.pickaboo.com/nokia-210-ds.html,Nokia 210 DS
https://www.pickaboo.com/,Smartphones,https://www.pickaboo.com/realme-c12-3gb-32gb.html,realme C12 3GB/32GB
https://www.pickaboo.com/,Electronics & Appliances,https://www.pickaboo.com/ankuxi-disinfected-spray-generator.html,Ankuxi Disinfected Spray Generator
https://www.pickaboo.com/,Lifestyle,https://www.pickaboo.com/skmei-9217blubl-fashion-wristwatch-for-men.html,Skmei 9217BLUBL Fashion Wristwatch for Men
https://www.pickaboo.com/,Lifestyle,https://www.pickaboo.com/skmei-9217blbl-fashion-wristwatch-for-men.html,Skmei 9217BLBL Fashion Wristwatch for Men
https://www.pickaboo.com/,Feature Phones,https://www.pickaboo.com/nokia-110ds-2019.html,Nokia 110DS 2019
https://www.pickaboo.com/,Smartphones,https://www.pickaboo.com/huawei-y8p-6gb-128gb.html,Huawei Y8p 6GB/128GB
https://www.pickaboo.com/,Electronics & Appliances,https://www.pickaboo.com/livpure-platino-copper-water-purifier.html,Livpure Platino Copper Water Purifier
https://www.pickaboo.com/,Smartphones,https://www.pickaboo.com/oppo-a12-3gb-32gb.html,OPPO A12 3GB/32GB
https://www.pickaboo.com/,Lifestyle,https://www.pickaboo.com/pritech-pr-2046-professional-multipurpose-trimmer-for-men.html,PRITECH PR-2046 Professional Multipurpose Trimmer for Men
https://www.pickaboo.com/,Accessories,https://www.pickaboo.com/hp-laserjet-pro-m135w-printer.html,Hp Laserjet Pro M135wifi multination Printer
https://www.pickaboo.com/,Electronics & Appliances,https://www.pickaboo.com/instant-hot-water-tap-with-digital-display.html,Instant Hot Water Tap with Digital Display
https://www.pickaboo.com/,Accessories,https://www.pickaboo.com/team-c175-64gb-3-0-usb-pen-drive-black.html,TEAM C175 64GB 3.0 USB Pen Drive - Black
https://www.pickaboo.com/,Accessories,https://www.pickaboo.com/xiaomi-4s-55-4k-smart-hdr-eu-version-led-tv-global-version.html,"Xiaomi 4S 55"" 4K Smart HDR EU Version LED TV Global Version"
https://www.pickaboo.com/,Accessories,https://www.pickaboo.com/samsung-galaxy-note10-lite.html,Samsung Galaxy Note 10 Lite
https://www.pickaboo.com/,Smartphones,https://www.pickaboo.com/oppo-f17-8gb-128gb.html,OPPO F17 8GB/128GB
https://www.pickaboo.com/,Accessories,https://www.pickaboo.com/bosch-gcm28vw20m-serie-6-chest-freezer.html,BOSCH GCM28VW20M Serie 6 Chest Freezer
https://www.pickaboo.com/,Lifestyle,https://www.pickaboo.com/skmei-9217blsl-fashion-wristwatch-for-men.html,Skmei 9217BLSL Fashion Wristwatch for Men
https://www.pickaboo.com/,Feature Phones,https://www.pickaboo.com/nokia-220-4g.html,Nokia 220 4G DS
https://www.pickaboo.com/,Accessories,https://www.pickaboo.com/amazfit-gtr-47mm-smart-watch-global-version.html,Amazfit GTR 47mm Smart Watch Global Version
